<?xml version="1.0" encoding="UTF-8"?>
<extension type="plugin" group="system" method="upgrade">
	<name>plg_system_viewbuilder</name>
	<author>HikaShop</author>
	<creationDate>2026-01</creationDate>
	<copyright>(C) 2026 HikaShop. All rights reserved.</copyright>
	<license>GNU General Public License version 2 or later</license>
	<version>1.3.0</version>
	<description>PLG_SYSTEM_VIEWBUILDER_XML_DESCRIPTION</description>
	<namespace path="src">Joomla\Plugin\System\ViewBuilder</namespace>
	<files>
		<folder plugin="viewbuilder">services</folder>
		<folder>src</folder>
		<folder>cache</folder>
	</files>
	<media destination="plg_system_viewbuilder" folder="media">
		<folder>css</folder>
		<folder>js</folder>
	</media>
	<languages>
		<language tag="en-GB">language/en-GB/plg_system_viewbuilder.ini</language>
		<language tag="en-GB">language/en-GB/plg_system_viewbuilder.sys.ini</language>
		<language tag="fr-FR">language/fr-FR/plg_system_viewbuilder.ini</language>
		<language tag="fr-FR">language/fr-FR/plg_system_viewbuilder.sys.ini</language>
	</languages>
	<updateservers>
		<server type="extension" priority="1" name="View Builder Update Server">https://raw.githubusercontent.com/HikaShop/view-builder/main/update.xml</server>
	</updateservers>
	<config>
		<fields name="params">
			<fieldset name="basic">
				<field
					name="active"
					type="list"
					label="PLG_SYSTEM_VIEWBUILDER_ACTIVE"
					description="PLG_SYSTEM_VIEWBUILDER_ACTIVE_DESC"
					default="0"
				>
					<option value="0">JDISABLED</option>
					<option value="1">PLG_SYSTEM_VIEWBUILDER_FRONTEND_ONLY</option>
					<option value="2">PLG_SYSTEM_VIEWBUILDER_FRONTEND_AND_BACKEND</option>
					<option value="3">PLG_SYSTEM_VIEWBUILDER_WITH_TP_PARAM</option>
				</field>
				<field
					name="allowed_groups"
					type="usergrouplist"
					label="PLG_SYSTEM_VIEWBUILDER_ALLOWED_GROUPS"
					description="PLG_SYSTEM_VIEWBUILDER_ALLOWED_GROUPS_DESC"
					multiple="true"
					default="8"
					layout="joomla.form.field.list-fancy-select"
				/>
				<field
					name="mode"
					type="list"
					label="PLG_SYSTEM_VIEWBUILDER_MODE"
					description="PLG_SYSTEM_VIEWBUILDER_MODE_DESC"
					default="onpage"
				>
					<option value="popup">PLG_SYSTEM_VIEWBUILDER_MODE_POPUP</option>
					<option value="onpage">PLG_SYSTEM_VIEWBUILDER_MODE_ONPAGE</option>
				</field>
				<field
					name="excluded_components"
					type="text"
					label="PLG_SYSTEM_VIEWBUILDER_EXCLUDED_COMPONENTS"
					description="PLG_SYSTEM_VIEWBUILDER_EXCLUDED_COMPONENTS_DESC"
					default=""
				/>
				<field
					name="enable_translation_editor"
					type="radio"
					label="PLG_SYSTEM_VIEWBUILDER_ENABLE_TRANSLATION_EDITOR"
					description="PLG_SYSTEM_VIEWBUILDER_ENABLE_TRANSLATION_EDITOR_DESC"
					default="1"
					class="btn-group"
				>
					<option value="0">JNO</option>
					<option value="1">JYES</option>
				</field>
			</fieldset>
		</fields>
	</config>
</extension>
